ID,Name,FIPS,STATE,Re_median,Re_2.5pct,Re_97.5pct,totalcases
1,Autauga County AL,01001,01,1,0.76,1.19,680
2,Baldwin County AL,01003,01,1.37,1.12,1.62,1209
7,Butler County AL,01013,01,1.21,1,1.41,656
8,Calhoun County AL,01015,01,1.92,1.65,2.16,492
9,Chambers County AL,01017,01,1.06,0.88,1.28,682
16,Coffee County AL,01031,01,1.25,1,1.47,425
17,Colbert County AL,01033,01,1.39,1.16,1.64,495
20,Covington County AL,01039,01,1.08,0.87,1.24,414
22,Cullman County AL,01043,01,1.57,1.25,1.78,583
24,Dallas County AL,01047,01,0.87,0.6,1.09,998
25,DeKalb County AL,01049,01,1.38,1.17,1.66,943
26,Elmore County AL,01051,01,1.03,0.74,1.22,1030
27,Escambia County AL,01053,01,1.19,1.08,1.31,486
28,Etowah County AL,01055,01,1.24,0.87,1.51,952
30,Franklin County AL,01059,01,0.92,0.71,1.08,937
35,Houston County AL,01069,01,1.32,1.04,1.57,594
36,Jackson County AL,01071,01,1.55,1.36,1.66,422
37,Jefferson County AL,01073,01,0.94,0.49,1.38,6433
39,Lauderdale County AL,01077,01,1.01,0.73,1.29,569
41,Lee County AL,01081,01,0.75,0.35,1.08,1580
42,Limestone County AL,01083,01,1.3,0.94,1.59,624
43,Lowndes County AL,01085,01,1.14,0.94,1.32,481
45,Madison County AL,01089,01,1.65,1.33,1.96,2145
48,Marshall County AL,01095,01,0.7,0.23,1.12,1929
49,Mobile County AL,01097,01,1.37,0.83,1.78,4754
51,Montgomery County AL,01101,01,0.92,0.62,1.28,4430
52,Morgan County AL,01103,01,1.24,0.9,1.52,1274
55,Pike County AL,01109,01,1.14,0.92,1.4,472
57,Russell County AL,01113,01,1.21,1.02,1.37,676
58,St. Clair County AL,01115,01,1.49,1.23,1.71,514
59,Shelby County AL,01117,01,1.37,1.07,1.67,1642
62,Tallapoosa County AL,01123,01,0.93,0.63,1.28,631
63,Tuscaloosa County AL,01125,01,1.15,0.81,1.43,2643
64,Walker County AL,01127,01,1.06,0.84,1.26,1064
70,Anchorage Municipality AK,02020,02,1.53,1.22,1.81,671
97,Apache County AZ,04001,04,1,0.91,1.1,2552
98,Cochise County AZ,04003,04,1.2,1.07,1.3,1022
99,Coconino County AZ,04005,04,1.27,1.2,1.34,2432
100,Gila County AZ,04007,04,0.99,0.7,1.23,446
103,La Paz County AZ,04012,04,0.5,0.36,0.69,403
104,Maricopa County AZ,04013,04,1.16,0.78,1.55,78480
105,Mohave County AZ,04015,04,1.36,1.25,1.47,1759
106,Navajo County AZ,04017,04,0.9,0.79,0.99,4279
107,Pima County AZ,04019,04,1.09,0.82,1.3,11443
108,Pinal County AZ,04021,04,1.04,0.78,1.34,5515
109,Santa Cruz County AZ,04023,04,0.63,0.54,0.74,2163
110,Yavapai County AZ,04025,04,1.31,1.07,1.51,1098
111,Yuma County AZ,04027,04,0.75,0.7,0.82,8145
115,Benton County AR,05007,05,1.07,0.71,1.37,3420
127,Craighead County AR,05031,05,1.48,1.14,1.77,541
129,Crittenden County AR,05035,05,0.83,0.58,1.05,834
134,Faulkner County AR,05045,05,1.27,0.92,1.6,759
141,Hot Spring County AR,05059,05,1.53,1.41,1.63,1215
146,Jefferson County AR,05069,05,1.79,1.54,1.98,850
150,Lee County AR,05077,05,1.1,0.86,1.36,828
151,Lincoln County AR,05079,05,1.03,0.84,1.2,1049
169,Pope County AR,05115,05,1.35,1.15,1.51,641
171,Pulaski County AR,05119,05,0.96,0.46,1.32,2886
173,St. Francis County AR,05123,05,1.4,1.21,1.57,904
174,Saline County AR,05125,05,1.49,1.22,1.7,463
177,Sebastian County AR,05131,05,1.23,0.91,1.45,806
178,Sevier County AR,05133,05,1.83,1.52,2.12,800
183,Washington County AR,05143,05,0.54,0.21,0.89,4456
186,Yell County AR,05149,05,1.61,1.45,1.74,828
187,Alameda County CA,06001,06,1.14,0.78,1.54,7757
193,Contra Costa County CA,06013,06,0.89,0.29,1.49,4605
196,Fresno County CA,06019,06,1.11,0.69,1.41,7907
199,Imperial County CA,06025,06,1,0.86,1.11,7827
201,Kern County CA,06029,06,1.52,1.28,1.82,6339
202,Kings County CA,06031,06,1.03,0.87,1.23,2898
205,Los Angeles County CA,06037,06,1.26,0.68,1.63,130393
206,Madera County CA,06039,06,1.47,1.25,1.66,894
207,Marin County CA,06041,06,0.87,0.38,1.19,3440
210,Merced County CA,06047,06,1.3,1.02,1.48,1884
213,Monterey County CA,06053,06,1.32,1.01,1.64,2540
214,Napa County CA,06055,06,1.04,0.77,1.37,478
216,Orange County CA,06059,06,1.6,0.94,2.05,23900
217,Placer County CA,06061,06,0.93,0.47,1.41,1062
219,Riverside County CA,06065,06,1.21,0.88,1.58,24765
220,Sacramento County CA,06067,06,1,0.44,1.48,5339
222,San Bernardino County CA,06071,06,1.47,1.19,1.77,18912
223,San Diego County CA,06073,06,0.98,0.46,1.41,19369
224,San Francisco County CA,06075,06,1.91,1,2.68,4444
225,San Joaquin County CA,06077,06,1,0.67,1.32,6455
226,San Luis Obispo County CA,06079,06,1.03,0.77,1.38,906
227,San Mateo County CA,06081,06,1.05,0.53,1.6,3949
228,Santa Barbara County CA,06083,06,0.93,0.49,1.3,3961
229,Santa Clara County CA,06085,06,0.7,0.12,1.26,5985
230,Santa Cruz County CA,06087,06,1.37,0.85,1.76,568
234,Solano County CA,06095,06,1.24,0.91,1.56,2075
235,Sonoma County CA,06097,06,1.21,0.77,1.6,1655
236,Stanislaus County CA,06099,06,2.38,2.1,2.57,4633
237,Sutter County CA,06101,06,1.48,1.26,1.71,438
240,Tulare County CA,06107,06,0.94,0.67,1.2,5678
242,Ventura County CA,06111,06,0.88,0.41,1.22,4247
243,Yolo County CA,06113,06,1.05,0.7,1.37,839
245,Adams County CO,08001,08,1.44,1.15,1.71,4719
247,Arapahoe County CO,08005,08,1.32,0.94,1.63,5627
251,Boulder County CO,08013,08,1.13,0.76,1.48,1513
261,Denver County CO,08031,08,1.4,0.93,1.7,7832
263,Douglas County CO,08035,08,1.4,1.02,1.67,1134
264,Eagle County CO,08037,08,1.44,1.18,1.66,775
266,El Paso County CO,08041,08,1.54,1.12,1.84,3000
268,Garfield County CO,08045,08,1.37,1.24,1.49,408
275,Jefferson County CO,08059,08,1.5,1.03,1.89,3007
280,Larimer County CO,08069,08,1.66,1.4,1.98,901
283,Logan County CO,08075,08,1.09,0.94,1.22,641
289,Morgan County CO,08087,08,0.97,0.8,1.13,658
296,Pueblo County CO,08101,08,1.23,0.96,1.52,433
307,Weld County CO,08123,08,1.49,1.27,1.72,2988
309,Fairfield County CT,09001,09,0.85,0.45,1.16,16947
310,Hartford County CT,09003,09,0.94,0.43,1.26,11892
311,Litchfield County CT,09005,09,1.05,0.78,1.33,1518
312,Middlesex County CT,09007,09,1.01,0.6,1.28,1341
313,New Haven County CT,09009,09,0.98,0.55,1.33,12532
314,New London County CT,09011,09,0.9,0.48,1.31,1437
315,Tolland County CT,09013,09,1.06,0.69,1.41,937
316,Windham County CT,09015,09,0.6,0.21,0.93,638
317,Kent County DE,10001,10,1.3,1,1.59,1829
318,New Castle County DE,10003,10,0.74,0.16,1.17,5732
319,Sussex County DE,10005,10,1.06,0.81,1.34,5095
320,District of Columbia DC,11001,11,1.53,1.08,1.9,10801
321,Alachua County FL,12001,12,1.04,0.65,1.41,2074
323,Bay County FL,12005,12,1.4,1.09,1.81,1109
325,Brevard County FL,12009,12,0.85,0.46,1.31,3239
326,Broward County FL,12011,12,1.43,1.13,1.76,28253
328,Charlotte County FL,12015,12,1.23,0.92,1.45,1075
329,Citrus County FL,12017,12,1.34,1.02,1.71,524
330,Clay County FL,12019,12,1.36,1.01,1.77,1412
331,Collier County FL,12021,12,1.13,0.85,1.48,5968
332,Columbia County FL,12023,12,1.47,1.32,1.6,464
333,DeSoto County FL,12027,12,0.96,0.79,1.09,830
335,Duval County FL,12031,12,1.11,0.58,1.53,12295
336,Escambia County FL,12033,12,0.93,0.54,1.35,3662
337,Flagler County FL,12035,12,1.38,0.98,1.76,473
339,Gadsden County FL,12039,12,1.69,1.52,1.84,575
343,Hamilton County FL,12047,12,1.12,1,1.25,418
344,Hardee County FL,12049,12,0.99,0.81,1.13,596
345,Hendry County FL,12051,12,0.87,0.7,1.04,1164
346,Hernando County FL,12053,12,1.53,1.04,1.86,824
347,Highlands County FL,12055,12,1.15,0.98,1.4,568
348,Hillsborough County FL,12057,12,1.22,0.57,1.6,18362
350,Indian River County FL,12061,12,1.08,0.6,1.44,1160
351,Jackson County FL,12063,12,2,1.82,2.23,611
354,Lake County FL,12069,12,0.97,0.47,1.29,2394
355,Lee County FL,12071,12,0.71,0.28,1.09,8849
356,Leon County FL,12073,12,1.14,0.72,1.65,2253
360,Manatee County FL,12081,12,1.34,0.92,1.59,4632
361,Marion County FL,12083,12,1.6,1.34,1.8,1405
362,Martin County FL,12085,12,0.92,0.68,1.2,2680
363,Miami-Dade County FL,12086,12,1.29,0.99,1.74,60868
364,Monroe County FL,12087,12,1.72,1.53,1.88,549
365,Nassau County FL,12089,12,1.74,1.47,1.96,482
366,Okaloosa County FL,12091,12,1.13,0.77,1.53,1130
367,Okeechobee County FL,12093,12,1.36,1.14,1.57,522
368,Orange County FL,12095,12,0.8,0.23,1.25,16630
369,Osceola County FL,12097,12,1.02,0.6,1.38,3864
370,Palm Beach County FL,12099,12,1.1,0.59,1.42,19847
371,Pasco County FL,12101,12,1.18,0.73,1.55,3748
372,Pinellas County FL,12103,12,0.89,0.25,1.33,10596
373,Polk County FL,12105,12,1.18,0.83,1.5,6983
374,Putnam County FL,12107,12,1.4,1.13,1.56,697
375,St. Johns County FL,12109,12,1.05,0.61,1.5,1794
376,St. Lucie County FL,12111,12,1.2,0.9,1.44,2741
377,Santa Rosa County FL,12113,12,1.36,1.07,1.61,1148
378,Sarasota County FL,12115,12,0.94,0.51,1.34,2642
379,Seminole County FL,12117,12,0.87,0.27,1.37,4085
380,Sumter County FL,12119,12,2.36,2.06,2.7,628
381,Suwannee County FL,12121,12,1.23,0.97,1.48,745
384,Volusia County FL,12127,12,1.32,1.05,1.59,3634
386,Walton County FL,12131,12,1.79,1.66,1.93,539
392,Baldwin County GA,13009,13,1.57,1.35,1.8,655
394,Barrow County GA,13013,13,1.3,0.89,1.59,650
395,Bartow County GA,13015,13,1.54,1.23,1.78,927
398,Bibb County GA,13021,13,1.12,0.68,1.5,1688
403,Bulloch County GA,13031,13,1.11,0.86,1.39,611
409,Carroll County GA,13045,13,2.03,1.78,2.36,1040
412,Chatham County GA,13051,13,1.12,0.56,1.51,2453
413,Chattahoochee County GA,13053,13,0.76,0.61,0.92,466
415,Cherokee County GA,13057,13,1.35,0.93,1.66,1734
416,Clarke County GA,13059,13,1.13,0.67,1.53,932
418,Clayton County GA,13063,13,1.11,0.61,1.47,2761
420,Cobb County GA,13067,13,1.41,1.07,1.79,6941
421,Coffee County GA,13069,13,1.49,1.36,1.61,924
422,Colquitt County GA,13071,13,1.14,0.97,1.27,1267
423,Columbia County GA,13073,13,1.54,1.22,1.82,830
425,Coweta County GA,13077,13,1.19,0.8,1.55,888
431,DeKalb County GA,13089,13,1.23,0.7,1.61,8144
434,Dougherty County GA,13095,13,2.02,1.73,2.35,2192
435,Douglas County GA,13097,13,1.36,0.9,1.7,1389
443,Fayette County GA,13113,13,1.42,1.18,1.7,519
444,Floyd County GA,13115,13,1.39,1.17,1.65,716
445,Forsyth County GA,13117,13,1.17,0.52,1.6,1130
447,Fulton County GA,13121,13,1.14,0.6,1.59,10376
450,Glynn County GA,13127,13,0.9,0.69,1.08,1545
451,Gordon County GA,13129,13,1.08,0.83,1.31,522
454,Gwinnett County GA,13135,13,1.11,0.42,1.6,11077
455,Habersham County GA,13137,13,1.18,0.85,1.52,762
456,Hall County GA,13139,13,1.46,1.1,1.85,3774
459,Harris County GA,13145,13,0.95,0.76,1.14,428
462,Henry County GA,13151,13,1.31,0.93,1.67,1769
463,Houston County GA,13153,13,1.46,1.09,1.69,971
465,Jackson County GA,13157,13,1.31,1.03,1.61,514
475,Lee County GA,13177,13,1.31,1.06,1.59,432
479,Lowndes County GA,13185,13,1.33,1.1,1.53,1832
488,Mitchell County GA,13205,13,1.33,1.14,1.56,500
493,Muscogee County GA,13215,13,1.22,0.71,1.45,2698
494,Newton County GA,13217,13,1.33,1.04,1.67,881
497,Paulding County GA,13223,13,1.29,0.97,1.55,840
508,Richmond County GA,13245,13,1.13,0.59,1.47,1568
509,Rockdale County GA,13247,13,1.39,0.99,1.7,682
513,Spalding County GA,13255,13,1.37,1.04,1.66,563
516,Sumter County GA,13261,13,1.35,1.08,1.64,615
523,Thomas County GA,13275,13,1.53,1.31,1.72,589
524,Tift County GA,13277,13,0.93,0.66,1.11,974
528,Troup County GA,13285,13,0.56,0.29,0.79,1751
534,Walton County GA,13297,13,1.59,1.31,1.89,542
535,Ware County GA,13299,13,1.25,1.08,1.38,624
542,Whitfield County GA,13313,13,1.3,1.11,1.47,1768
548,Honolulu County HI,15003,15,1.74,1.15,2.22,908
552,Ada County ID,16001,16,1.15,0.69,1.47,3980
558,Blaine County ID,16013,16,1.14,1,1.3,550
565,Canyon County ID,16027,16,1.42,1.09,1.79,2011
579,Kootenai County ID,16055,16,1.75,1.4,2.01,679
593,Twin Falls County ID,16083,16,1.59,1.42,1.75,818
599,Boone County IL,17007,17,1.16,0.71,1.52,638
605,Champaign County IL,17019,17,1.12,0.72,1.54,1040
611,Cook County IL,17031,17,1.46,0.85,1.94,95136
614,DeKalb County IL,17037,17,1.61,1.19,1.89,642
617,DuPage County IL,17043,17,1.15,0.63,1.59,9641
640,Kane County IL,17089,17,1.17,0.81,1.51,8079
641,Kankakee County IL,17091,17,1.28,0.91,1.65,1416
642,Kendall County IL,17093,17,1.47,1.09,1.84,1050
644,Lake County IL,17097,17,1.37,0.79,1.83,10318
651,McHenry County IL,17111,17,1.38,0.95,1.83,2248
655,Madison County IL,17119,17,1.39,1.08,1.69,1167
667,Peoria County IL,17143,17,1.59,1.08,1.95,648
676,Rock Island County IL,17161,17,1.31,0.91,1.55,1170
677,St. Clair County IL,17163,17,1.36,1.02,1.69,2267
679,Sangamon County IL,17167,17,1.73,1.36,2.1,522
694,Will County IL,17197,17,1.12,0.65,1.53,7223
696,Winnebago County IL,17201,17,0.73,0.26,1.12,3161
699,Allen County IN,18003,18,1.15,0.73,1.52,2939
700,Bartholomew County IN,18005,18,1.06,0.64,1.33,599
703,Boone County IN,18011,18,1.32,0.98,1.65,491
706,Cass County IN,18017,18,1.01,0.54,1.23,1655
707,Clark County IN,18019,18,1.75,1.36,2.16,697
715,Delaware County IN,18035,18,1.29,1.01,1.81,475
717,Elkhart County IN,18039,18,1.15,0.7,1.48,3539
719,Floyd County IN,18043,18,1.53,1.22,1.87,414
726,Hamilton County IN,18057,18,1.63,1.04,2.08,1715
727,Hancock County IN,18059,18,1.27,0.82,1.6,485
729,Hendricks County IN,18063,18,1.38,0.96,1.73,1455
731,Howard County IN,18067,18,1.18,0.81,1.57,603
733,Jackson County IN,18071,18,1.1,0.86,1.41,482
738,Johnson County IN,18081,18,1.64,1.35,2,1342
740,Kosciusko County IN,18085,18,0.75,0.49,1.11,576
741,LaGrange County IN,18087,18,0.84,0.61,1.14,485
742,Lake County IN,18089,18,1.49,1.05,1.95,5588
743,LaPorte County IN,18091,18,1.54,1.19,1.89,621
745,Madison County IN,18095,18,1.65,1.21,2.15,675
746,Marion County IN,18097,18,1.32,0.87,1.68,12029
747,Marshall County IN,18099,18,1.38,1.16,1.68,553
754,Noble County IN,18113,18,1.04,0.84,1.27,516
761,Porter County IN,18127,18,1.85,1.51,2.16,826
768,St. Joseph County IN,18141,18,1.56,0.99,1.87,2106
770,Shelby County IN,18145,18,0.9,0.56,1.15,458
776,Tippecanoe County IN,18157,18,0.87,0.61,1.27,770
779,Vanderburgh County IN,18163,18,1.97,1.61,2.24,731
796,Black Hawk County IA,19013,19,1.35,1.15,1.55,2493
800,Buena Vista County IA,19021,19,0.36,0.25,0.5,1740
813,Crawford County IA,19047,19,1.18,0.93,1.47,682
814,Dallas County IA,19049,19,1.34,1.14,1.6,1387
820,Dubuque County IA,19061,19,1.68,1.45,1.94,943
841,Johnson County IA,19103,19,1.11,0.7,1.53,1432
846,Linn County IA,19113,19,1.23,0.87,1.6,1383
853,Marshall County IA,19127,19,1.3,1.08,1.5,1092
859,Muscatine County IA,19139,19,0.82,0.56,1.14,690
866,Polk County IA,19153,19,1.37,0.91,1.79,7332
867,Pottawattamie County IA,19155,19,1.24,0.94,1.53,823
871,Scott County IA,19163,19,1.41,1.14,1.71,1032
873,Sioux County IA,19167,19,1.05,0.82,1.23,505
874,Story County IA,19169,19,0.85,0.5,1.19,859
875,Tama County IA,19171,19,1.17,1.06,1.32,487
879,Wapello County IA,19179,19,1.19,0.83,1.45,719
886,Woodbury County IA,19193,19,1.33,1.14,1.57,3329
888,Wright County IA,19197,19,1.1,0.9,1.29,401
911,Douglas County KS,20045,20,1.51,1.25,1.86,417
916,Finney County KS,20055,20,1.23,0.9,1.46,1604
917,Ford County KS,20057,20,1.11,0.95,1.26,1970
934,Johnson County KS,20091,20,1.16,0.62,1.56,2857
940,Leavenworth County KS,20103,20,0.63,0.39,0.96,1213
944,Lyon County KS,20111,20,1.15,0.97,1.32,535
975,Sedgwick County KS,20173,20,1.26,0.86,1.64,1960
976,Seward County KS,20175,20,1.54,1.35,1.78,1086
977,Shawnee County KS,20177,20,1.35,0.98,1.67,995
993,Wyandotte County KS,20209,20,1.11,0.76,1.43,2939
1001,Boone County KY,21015,21,1.93,1.62,2.19,716
1023,Daviess County KY,21059,21,1.27,0.87,1.66,503
1027,Fayette County KY,21067,21,1.35,0.94,1.8,1819
1049,Jefferson County KY,21111,21,1.47,1.02,1.96,4549
1052,Kenton County KY,21117,21,1.62,1.16,2.1,881
1082,Muhlenberg County KY,21177,21,0.98,0.72,1.19,562
1099,Shelby County KY,21211,21,1.25,1.04,1.47,568
1107,Warren County KY,21227,21,1.03,0.7,1.34,1725
1114,Acadia Parish LA,22001,22,1.39,1.21,1.58,1308
1115,Allen Parish LA,22003,22,1.38,1.23,1.51,464
1116,Ascension Parish LA,22005,22,1.35,1.02,1.71,1566
1117,Assumption Parish LA,22007,22,1.3,1.11,1.53,422
1118,Avoyelles Parish LA,22009,22,1.18,0.93,1.37,481
1121,Bossier Parish LA,22015,22,1.22,0.89,1.52,1254
1122,Caddo Parish LA,22017,22,1.26,0.92,1.66,4378
1123,Calcasieu Parish LA,22019,22,1.15,0.91,1.37,3061
1129,De Soto Parish LA,22031,22,1.28,1.12,1.57,431
1130,East Baton Rouge Parish LA,22033,22,1.31,1.01,1.63,7128
1131,East Carroll Parish LA,22035,22,0.91,0.75,1.07,457
1133,Evangeline Parish LA,22039,22,1.61,1.45,1.73,422
1134,Franklin Parish LA,22041,22,1.26,1.05,1.4,583
1136,Iberia Parish LA,22045,22,1.46,1.29,1.67,1282
1137,Iberville Parish LA,22047,22,1.26,1.11,1.38,840
1139,Jefferson Parish LA,22051,22,1.47,1.19,1.83,10997
1140,Jefferson Davis Parish LA,22053,22,1.21,1.05,1.32,603
1141,Lafayette Parish LA,22055,22,1.29,0.97,1.57,3754
1142,Lafourche Parish LA,22057,22,1.67,1.43,1.88,1546
1144,Lincoln Parish LA,22061,22,1.55,1.39,1.84,437
1145,Livingston Parish LA,22063,22,1.28,0.95,1.62,1487
1146,Madison Parish LA,22065,22,1.18,1.04,1.34,415
1148,Natchitoches Parish LA,22069,22,1.59,1.48,1.73,408
1149,Orleans Parish LA,22071,22,1.59,1.31,1.82,8615
1150,Ouachita Parish LA,22073,22,1.38,1.11,1.58,3089
1153,Rapides Parish LA,22079,22,1.45,1.3,1.67,1979
1157,St. Bernard Parish LA,22087,22,1.43,1.27,1.63,708
1158,St. Charles Parish LA,22089,22,1.43,1.19,1.73,882
1160,St. James Parish LA,22093,22,1.47,1.25,1.72,444
1161,St. John the Baptist Parish LA,22095,22,1.4,1.09,1.71,1077
1162,St. Landry Parish LA,22097,22,1.51,1.36,1.64,1118
1163,St. Martin Parish LA,22099,22,1.17,0.92,1.41,1040
1164,St. Mary Parish LA,22101,22,1.6,1.39,1.74,741
1165,St. Tammany Parish LA,22103,22,1.45,1,1.76,3153
1166,Tangipahoa Parish LA,22105,22,1.56,1.36,1.81,1878
1168,Terrebonne Parish LA,22109,22,1.72,1.44,1.97,1588
1169,Union Parish LA,22111,22,1.04,0.87,1.2,539
1170,Vermilion Parish LA,22113,22,1.48,1.3,1.65,536
1172,Washington Parish LA,22117,22,1.22,1.05,1.42,824
1173,Webster Parish LA,22119,22,1.19,0.89,1.43,550
1178,Androscoggin County ME,23001,23,0.72,0.38,1.18,504
1180,Cumberland County ME,23005,23,0.55,0.17,0.96,1861
1193,York County ME,23031,23,1.01,0.54,1.44,573
1195,Anne Arundel County MD,24003,24,1.52,0.88,1.97,5472
1196,Baltimore County MD,24005,24,1.19,0.61,1.51,8719
1197,Calvert County MD,24009,24,1.47,1.14,1.83,452
1199,Carroll County MD,24013,24,1.11,0.51,1.67,1234
1200,Cecil County MD,24015,24,1.35,0.94,1.76,532
1201,Charles County MD,24017,24,1.29,1.01,1.57,1502
1203,Frederick County MD,24021,24,0.86,0.55,1.11,2589
1205,Harford County MD,24025,24,1.53,1.16,1.88,1263
1206,Howard County MD,24027,24,1.32,0.92,1.77,2865
1208,Montgomery County MD,24031,24,0.84,0.07,1.26,15623
1209,Prince George's County MD,24033,24,1.13,0.63,1.61,19598
1211,St. Mary's County MD,24037,24,1.82,1.48,2.3,710
1214,Washington County MD,24043,24,0.99,0.62,1.31,743
1215,Wicomico County MD,24045,24,1.43,1.01,1.77,1135
1217,Baltimore city MD,24510,24,1.25,0.8,1.82,8427
1218,Barnstable County MA,25001,25,1.05,0.64,1.42,1574
1219,Berkshire County MA,25003,25,0.94,0.67,1.16,616
1220,Bristol County MA,25005,25,0.98,0.48,1.17,8450
1222,Essex County MA,25009,25,1.13,0.64,1.61,16452
1224,Hampden County MA,25013,25,0.9,0.6,1.29,6974
1225,Hampshire County MA,25015,25,1.2,0.88,1.55,1034
1226,Middlesex County MA,25017,25,1.17,0.76,1.51,24436
1228,Norfolk County MA,25021,25,1.38,1.06,1.66,9440
1229,Plymouth County MA,25023,25,1.03,0.61,1.21,8802
1230,Suffolk County MA,25025,25,1.44,0.99,1.88,20272
1231,Worcester County MA,25027,25,0.9,0.47,1.23,12629
1240,Bay County MI,26017,26,1.36,0.91,1.68,440
1242,Berrien County MI,26021,26,1.86,1.49,2.15,1001
1244,Calhoun County MI,26025,26,1.62,1.11,2.05,608
1256,Genesee County MI,26049,26,1.33,0.97,1.62,2891
1264,Ingham County MI,26065,26,1.01,0.51,1.45,1188
1269,Jackson County MI,26075,26,1.32,0.92,1.7,635
1270,Kalamazoo County MI,26077,26,1.53,1.14,1.92,1217
1272,Kent County MI,26081,26,1.49,1.06,1.82,5785
1278,Livingston County MI,26093,26,1.11,0.65,1.51,616
1281,Macomb County MI,26099,26,1.33,0.82,1.62,7803
1289,Monroe County MI,26115,26,1.31,0.96,1.7,662
1292,Muskegon County MI,26121,26,1.52,1.17,1.78,914
1294,Oakland County MI,26125,26,1.44,0.89,1.84,12642
1301,Ottawa County MI,26139,26,1.75,1.25,2.11,1283
1304,Saginaw County MI,26145,26,1.14,0.78,1.59,1393
1305,St. Clair County MI,26147,26,0.82,0.46,1.14,616
1312,Washtenaw County MI,26161,26,1.75,1.32,2.13,1918
1313,Wayne County MI,26163,26,1.22,0.7,1.57,23898
1316,Anoka County MN,27003,27,1.16,0.81,1.52,2394
1321,Blue Earth County MN,27013,27,1.27,0.98,1.49,564
1324,Carver County MN,27019,27,1.85,1.59,2.12,469
1328,Clay County MN,27027,27,1.1,0.88,1.27,629
1333,Dakota County MN,27037,27,1.58,1.14,1.93,2656
1341,Hennepin County MN,27053,27,1.69,1.15,2.1,13328
1348,Kandiyohi County MN,27067,27,1.39,1.04,1.67,590
1364,Mower County MN,27099,27,0.64,0.45,0.93,983
1367,Nobles County MN,27105,27,1.32,1.05,1.55,1686
1369,Olmsted County MN,27109,27,1.32,1.05,1.62,1259
1376,Ramsey County MN,27123,27,1.33,0.73,1.76,5169
1380,Rice County MN,27131,27,1.11,0.63,1.45,881
1384,Scott County MN,27139,27,1.64,1.34,1.89,858
1387,Stearns County MN,27145,27,1.43,1.07,1.77,2496
1391,Todd County MN,27153,27,1.15,0.87,1.38,402
1396,Washington County MN,27163,27,1.46,1.03,1.95,1255
1400,Wright County MN,27171,27,1.64,1.35,1.98,528
1407,Bolivar County MS,28011,28,1.42,1.26,1.59,407
1416,Copiah County MS,28029,28,0.97,0.87,1.07,656
1417,Covington County MS,28031,28,1.35,1.22,1.5,439
1418,DeSoto County MS,28033,28,0.89,0.47,1.19,1904
1419,Forrest County MS,28035,28,1.46,1.25,1.64,1003
1423,Grenada County MS,28043,28,0.97,0.8,1.06,594
1425,Harrison County MS,28047,28,1.08,0.51,1.41,1148
1426,Hinds County MS,28049,28,0.89,0.47,1.31,2909
1427,Holmes County MS,28051,28,0.94,0.81,1.06,587
1431,Jackson County MS,28059,28,1.33,1.02,1.61,776
1435,Jones County MS,28067,28,1.13,0.87,1.42,1203
1437,Lafayette County MS,28071,28,1.36,1.12,1.56,498
1438,Lamar County MS,28073,28,1.21,0.86,1.46,534
1439,Lauderdale County MS,28075,28,1.41,1.17,1.68,964
1441,Leake County MS,28079,28,1.31,1.16,1.45,638
1442,Lee County MS,28081,28,0.89,0.57,1.23,621
1443,Leflore County MS,28083,28,1.02,0.82,1.23,531
1444,Lincoln County MS,28085,28,1.2,1.06,1.36,530
1445,Lowndes County MS,28087,28,1.07,0.81,1.28,550
1446,Madison County MS,28089,28,1.07,0.75,1.34,1447
1449,Monroe County MS,28095,28,1.51,1.32,1.71,460
1451,Neshoba County MS,28099,28,0.97,0.75,1.15,1061
1454,Oktibbeha County MS,28105,28,1.25,1.06,1.43,611
1455,Panola County MS,28107,28,1.19,1.01,1.34,451
1458,Pike County MS,28113,28,1.24,1.06,1.41,502
1462,Rankin County MS,28121,28,1.03,0.74,1.32,1087
1463,Scott County MS,28123,28,1.66,1.46,1.87,825
1468,Sunflower County MS,28133,28,1.16,1.04,1.28,481
1476,Warren County MS,28149,28,1.03,0.75,1.29,595
1477,Washington County MS,28151,28,1.21,1.06,1.36,725
1478,Wayne County MS,28153,28,1.02,0.85,1.2,564
1483,Yazoo County MS,28163,28,1.05,0.91,1.2,554
1493,Boone County MO,29019,29,1.57,1.2,1.99,572
1494,Buchanan County MO,29021,29,1.33,0.98,1.63,938
1507,Clay County MO,29047,29,0.92,0.4,1.29,559
1522,Greene County MO,29077,29,1.46,1.08,1.87,431
1531,Jackson County MO,29095,29,1.36,0.77,1.79,1598
1532,Jasper County MO,29097,29,1.09,0.75,1.29,996
1533,Jefferson County MO,29099,29,1.37,1.04,1.74,618
1543,McDonald County MO,29119,29,1.37,1.16,1.54,707
1556,Newton County MO,29145,29,1.43,1.1,1.75,550
1575,St. Charles County MO,29183,29,1.87,1.5,2.19,1320
1579,St. Louis County MO,29189,29,1.29,0.85,1.57,7761
1598,St. Louis city MO,29510,29,1.51,0.97,1.97,3093
1614,Gallatin County MT,30031,30,2,1.78,2.24,406
1654,Yellowstone County MT,30111,30,2.2,1.9,2.38,436
1673,Colfax County NE,31037,31,1.3,1.04,1.52,682
1676,Dakota County NE,31043,31,1.11,0.85,1.33,1805
1678,Dawson County NE,31047,31,1.23,1.04,1.44,870
1681,Dodge County NE,31053,31,0.78,0.44,1.04,710
1682,Douglas County NE,31055,31,1.14,0.78,1.53,7956
1694,Hall County NE,31079,31,1.19,0.91,1.49,1621
1709,Lancaster County NE,31109,31,1.81,1.54,2.06,2076
1714,Madison County NE,31119,31,1.21,1.01,1.48,403
1725,Platte County NE,31141,31,1.38,0.97,1.7,690
1730,Saline County NE,31151,31,1.24,0.96,1.48,549
1731,Sarpy County NE,31153,31,1.05,0.51,1.49,1335
1749,Clark County NV,32003,32,1.09,0.76,1.36,22289
1762,Washoe County NV,32031,32,0.96,0.75,1.23,3586
1770,Hillsborough County NH,33011,33,1.06,0.58,1.31,3524
1771,Merrimack County NH,33013,33,1.01,0.65,1.33,429
1772,Rockingham County NH,33015,33,1.31,0.82,1.59,1520
1775,Atlantic County NJ,34001,34,0.51,0.14,0.9,3003
1776,Bergen County NJ,34003,34,0.61,0.28,0.92,19933
1777,Burlington County NJ,34005,34,0.98,0.54,1.24,5360
1778,Camden County NJ,34007,34,1.45,1.01,1.65,7672
1779,Cape May County NJ,34009,34,0.78,0.37,1.11,802
1780,Cumberland County NJ,34011,34,0.42,0.05,0.71,3046
1781,Essex County NJ,34013,34,1.06,0.59,1.35,18990
1782,Gloucester County NJ,34015,34,1.18,0.65,1.57,2739
1783,Hudson County NJ,34017,34,1.15,0.87,1.39,20550
1784,Hunterdon County NJ,34019,34,1.24,0.9,1.56,1096
1785,Mercer County NJ,34021,34,0.61,0.19,0.96,7785
1786,Middlesex County NJ,34023,34,1.17,0.67,1.49,17039
1787,Monmouth County NJ,34025,34,0.73,0.22,1.06,9437
1788,Morris County NJ,34027,34,1.69,1.36,1.95,6983
1789,Ocean County NJ,34029,34,0.69,0.17,0.98,9804
1790,Passaic County NJ,34031,34,1.53,1.14,1.92,17057
1791,Salem County NJ,34033,34,0.96,0.6,1.34,815
1792,Somerset County NJ,34035,34,1.34,0.8,1.64,5001
1793,Sussex County NJ,34037,34,0.99,0.7,1.26,1274
1794,Union County NJ,34039,34,1.71,1.41,2.2,16613
1795,Warren County NJ,34041,34,1.19,0.88,1.43,1268
1796,Bernalillo County NM,35001,35,1.23,0.75,1.68,2989
1803,DoÂ–a Ana County NM,35013,35,1.4,1.26,1.49,1385
1813,McKinley County NM,35031,35,0.89,0.82,0.95,3614
1819,Sandoval County NM,35043,35,1.25,1.04,1.5,835
1820,San Juan County NM,35045,35,1.09,1,1.19,2693
1829,Albany County NY,36001,36,1.46,1.04,1.88,2208
1831,Bronx County NY,36005,36,1,0.82,1.14,48267
1832,Broome County NY,36007,36,1.88,1.62,2.16,807
1839,Columbia County NY,36021,36,0.98,0.66,1.29,485
1842,Dutchess County NY,36027,36,0.63,0.21,1.08,4269
1843,Erie County NY,36029,36,1.2,0.72,1.6,7711
1852,Kings County NY,36047,36,1.46,1.11,1.73,60647
1856,Monroe County NY,36055,36,0.92,0.41,1.43,4154
1858,Nassau County NY,36059,36,1.02,0.6,1.48,42267
1859,New York County NY,36061,36,0.97,0.44,1.47,29165
1860,Niagara County NY,36063,36,1.47,1.15,1.8,1336
1861,Oneida County NY,36065,36,0.64,0.22,1,1818
1862,Onondaga County NY,36067,36,1.13,0.73,1.5,3167
1864,Orange County NY,36071,36,1.05,0.69,1.53,11166
1868,Putnam County NY,36079,36,1.39,1.03,1.76,1577
1869,Queens County NY,36081,36,2.19,1.72,2.48,66323
1870,Rensselaer County NY,36083,36,1.33,0.93,1.73,604
1871,Richmond County NY,36085,36,1.15,0.66,1.53,14308
1872,Rockland County NY,36087,36,1.05,0.67,1.43,13700
1874,Saratoga County NY,36091,36,1.5,0.9,1.88,607
1875,Schenectady County NY,36093,36,0.95,0.47,1.38,920
1880,Suffolk County NY,36103,36,1.14,0.76,1.55,41987
1881,Sullivan County NY,36105,36,0.54,0.26,0.92,1476
1884,Ulster County NY,36111,36,1.6,1.3,1.95,1931
1888,Westchester County NY,36119,36,0.89,0.5,1.31,35260
1891,Alamance County NC,37001,37,1.12,0.82,1.41,1435
1899,Bladen County NC,37017,37,0.86,0.59,1.11,430
1900,Brunswick County NC,37019,37,0.95,0.72,1.22,753
1901,Buncombe County NC,37021,37,1.73,1.4,2.02,846
1902,Burke County NC,37023,37,1.13,0.86,1.44,1192
1903,Cabarrus County NC,37025,37,1.12,0.59,1.48,1580
1904,Caldwell County NC,37027,37,1.13,0.91,1.31,601
1908,Catawba County NC,37035,37,0.93,0.52,1.29,1142
1909,Chatham County NC,37037,37,1.04,0.72,1.23,1041
1913,Cleveland County NC,37045,37,1.45,1.18,1.77,500
1914,Columbus County NC,37047,37,0.97,0.67,1.21,607
1915,Craven County NC,37049,37,1.17,0.84,1.47,447
1916,Cumberland County NC,37051,37,0.99,0.42,1.4,1572
1919,Davidson County NC,37057,37,1.06,0.61,1.38,1228
1921,Duplin County NC,37061,37,1.04,0.87,1.19,1672
1922,Durham County NC,37063,37,1.05,0.75,1.46,4431
1924,Forsyth County NC,37067,37,0.91,0.19,1.5,3625
1925,Franklin County NC,37069,37,1.39,1.05,1.71,484
1926,Gaston County NC,37071,37,1.48,1.12,1.86,1742
1929,Granville County NC,37077,37,1.43,1.12,1.7,1038
1931,Guilford County NC,37081,37,1.25,0.88,1.66,3495
1932,Halifax County NC,37083,37,1.47,1.27,1.69,412
1933,Harnett County NC,37085,37,0.93,0.47,1.28,771
1935,Henderson County NC,37089,37,1.44,1.22,1.69,885
1937,Hoke County NC,37093,37,1.36,1.13,1.56,456
1939,Iredell County NC,37097,37,1.35,0.87,1.69,1097
1941,Johnston County NC,37101,37,0.92,0.68,1.24,1980
1943,Lee County NC,37105,37,0.61,0.17,0.95,920
1944,Lenoir County NC,37107,37,1.16,0.86,1.45,426
1950,Mecklenburg County NC,37119,37,1.15,0.51,1.63,14608
1953,Moore County NC,37125,37,1.16,0.76,1.49,618
1954,Nash County NC,37127,37,0.9,0.41,1.19,606
1955,New Hanover County NC,37129,37,0.89,0.33,1.21,1438
1957,Onslow County NC,37133,37,1.42,1.03,1.83,451
1958,Orange County NC,37135,37,1.03,0.61,1.46,937
1964,Pitt County NC,37147,37,1.05,0.66,1.38,945
1966,Randolph County NC,37151,37,1.28,0.95,1.52,1443
1968,Robeson County NC,37155,37,1.68,1.47,1.89,1691
1970,Rowan County NC,37159,37,1.27,0.93,1.59,1494
1972,Sampson County NC,37163,37,0.78,0.46,1.03,1185
1974,Stanly County NC,37167,37,0.95,0.58,1.26,558
1976,Surry County NC,37171,37,1.11,0.81,1.33,579
1980,Union County NC,37179,37,1.28,0.85,1.64,1778
1981,Vance County NC,37181,37,1.05,0.77,1.3,563
1982,Wake County NC,37183,37,1.29,0.76,1.75,7204
1986,Wayne County NC,37191,37,0.88,0.63,1.14,1980
1987,Wilkes County NC,37193,37,1.59,1.31,1.86,617
1988,Wilson County NC,37195,37,1.28,0.97,1.52,917
1998,Burleigh County ND,38015,38,1.5,1.28,1.71,433
1999,Cass County ND,38017,38,1.33,1.02,1.52,2442
2008,Grand Forks County ND,38035,38,1.45,1.16,1.68,432
2047,Ashtabula County OH,39007,39,1.14,0.82,1.4,454
2050,Belmont County OH,39013,39,1.21,0.88,1.55,569
2052,Butler County OH,39017,39,1.38,0.92,1.86,1821
2055,Clark County OH,39023,39,0.4,0.13,0.78,803
2056,Clermont County OH,39025,39,1.28,0.8,1.7,484
2058,Columbiana County OH,39029,39,1.15,0.9,1.53,1379
2061,Cuyahoga County OH,39035,39,1.23,0.74,1.69,8979
2064,Delaware County OH,39041,39,1.67,1.25,2.02,699
2066,Fairfield County OH,39045,39,1.51,1.24,1.77,670
2068,Franklin County OH,39049,39,1.09,0.63,1.53,11727
2071,Geauga County OH,39055,39,1.15,0.79,1.55,429
2074,Hamilton County OH,39061,39,1.12,0.42,1.61,6781
2086,Lake County OH,39085,39,1.59,1.17,2.13,589
2088,Licking County OH,39089,39,1.39,0.95,1.83,571
2090,Lorain County OH,39093,39,1.31,0.95,1.67,1121
2091,Lucas County OH,39095,39,1.59,1.08,1.82,2952
2093,Mahoning County OH,39099,39,1.39,0.85,1.58,1929
2094,Marion County OH,39101,39,1.25,1.02,1.44,2748
2095,Medina County OH,39103,39,2.25,1.89,2.55,588
2098,Miami County OH,39109,39,1.5,1.16,1.8,506
2100,Montgomery County OH,39113,39,1.26,0.81,1.67,2440
2108,Pickaway County OH,39129,39,1.83,1.59,2.06,2240
2110,Portage County OH,39133,39,1.52,1.18,1.9,500
2119,Stark County OH,39151,39,1.23,0.77,1.61,1214
2120,Summit County OH,39153,39,1.02,0.38,1.46,2327
2121,Trumbull County OH,39155,39,0.98,0.64,1.28,1046
2122,Tuscarawas County OH,39157,39,1.14,0.82,1.42,605
2126,Warren County OH,39165,39,1.2,0.91,1.49,986
2130,Wood County OH,39173,39,1.72,1.46,1.96,492
2140,Canadian County OK,40017,40,1.56,1.25,1.83,479
2145,Cleveland County OK,40027,40,1.05,0.71,1.41,1279
2147,Comanche County OK,40031,40,1.3,0.94,1.63,494
2176,McCurtain County OK,40089,40,1.19,0.84,1.46,613
2186,Oklahoma County OK,40109,40,1.47,0.97,1.91,4613
2191,Payne County OK,40119,40,1.12,0.85,1.47,480
2201,Texas County OK,40139,40,0.82,0.53,1.05,1006
2203,Tulsa County OK,40143,40,1.42,0.82,1.83,5006
2205,Washington County OK,40147,40,1.44,1.12,1.8,449
2211,Clackamas County OR,41005,41,1.18,0.81,1.57,960
2232,Marion County OR,41047,41,1.16,0.87,1.48,1831
2234,Multnomah County OR,41051,41,1.31,0.65,1.83,2824
2238,Umatilla County OR,41059,41,1.31,1.15,1.44,987
2242,Washington County OR,41067,41,1.02,0.55,1.62,1817
2246,Allegheny County PA,42003,42,1.32,0.74,1.74,4762
2248,Beaver County PA,42007,42,2.19,1.83,2.44,825
2250,Berks County PA,42011,42,1.12,0.63,1.45,4680
2253,Bucks County PA,42017,42,1.19,0.81,1.5,6064
2254,Butler County PA,42019,42,1.59,1.28,1.92,412
2259,Chester County PA,42029,42,1.19,0.49,1.47,3992
2263,Columbia County PA,42037,42,1.19,0.84,1.5,420
2265,Cumberland County PA,42041,42,1.01,0.56,1.4,935
2266,Dauphin County PA,42043,42,0.61,0.03,1.02,2279
2267,Delaware County PA,42045,42,1.24,0.83,1.52,7513
2269,Erie County PA,42049,42,0.94,0.6,1.38,711
2272,Franklin County PA,42055,42,1.06,0.79,1.37,999
2279,Lackawanna County PA,42069,42,0.95,0.45,1.46,1756
2280,Lancaster County PA,42071,42,0.95,0.48,1.17,4817
2282,Lebanon County PA,42075,42,1.05,0.66,1.45,1429
2283,Lehigh County PA,42077,42,1.08,0.6,1.62,4424
2284,Luzerne County PA,42079,42,1.43,0.96,1.89,3002
2289,Monroe County PA,42089,42,1.38,1.02,1.76,1471
2290,Montgomery County PA,42091,42,0.99,0.61,1.31,8828
2292,Northampton County PA,42095,42,1.11,0.74,1.53,3547
2295,Philadelphia County PA,42101,42,0.89,0.4,1.25,27367
2296,Pike County PA,42103,42,0.81,0.52,1.2,506
2298,Schuylkill County PA,42107,42,0.96,0.63,1.3,773
2307,Washington County PA,42125,42,1.94,1.55,2.25,434
2309,Westmoreland County PA,42129,42,1.62,1.29,2.01,976
2311,York County PA,42133,42,1.72,1.31,2.09,1830
2313,Kent County RI,44003,44,0.45,0,1.02,1381
2315,Providence County RI,44007,44,0,0,0.55,14693
2316,Washington County RI,44009,44,1.03,0.58,1.45,656
2318,Aiken County SC,45003,45,1.33,0.94,1.57,644
2320,Anderson County SC,45007,45,1.3,0.84,1.68,1003
2323,Beaufort County SC,45013,45,1.43,1.01,1.68,1922
2324,Berkeley County SC,45015,45,1.1,0.73,1.38,2120
2326,Charleston County SC,45019,45,0.84,0.48,1.21,7281
2329,Chesterfield County SC,45025,45,1.2,0.95,1.42,438
2330,Clarendon County SC,45027,45,1.38,1.23,1.48,488
2331,Colleton County SC,45029,45,1.16,0.96,1.32,461
2332,Darlington County SC,45031,45,1.34,1.05,1.61,550
2334,Dorchester County SC,45035,45,1,0.73,1.29,1464
2337,Florence County SC,45041,45,0.98,0.71,1.15,1571
2338,Georgetown County SC,45043,45,1.08,0.89,1.24,808
2339,Greenville County SC,45045,45,1.19,0.84,1.55,6930
2340,Greenwood County SC,45047,45,1.65,1.43,1.86,768
2342,Horry County SC,45051,45,0.94,0.62,1.24,5586
2344,Kershaw County SC,45055,45,0.91,0.6,1.2,853
2345,Lancaster County SC,45057,45,0.87,0.49,1.18,654
2346,Laurens County SC,45059,45,0.98,0.78,1.22,734
2348,Lexington County SC,45063,45,0.99,0.55,1.34,2846
2352,Newberry County SC,45071,45,1.08,0.93,1.24,401
2353,Oconee County SC,45073,45,1.27,0.94,1.56,441
2354,Orangeburg County SC,45075,45,1.13,0.93,1.27,1141
2355,Pickens County SC,45077,45,0.89,0.56,1.29,1152
2356,Richland County SC,45079,45,0.9,0.42,1.45,4722
2358,Spartanburg County SC,45083,45,1.33,1.05,1.59,2363
2359,Sumter County SC,45085,45,1.15,0.67,1.54,1373
2361,Williamsburg County SC,45089,45,1.14,0.95,1.32,481
2362,York County SC,45091,45,1.1,0.58,1.59,1842
2364,Beadle County SD,46005,46,1.03,0.8,1.3,552
2411,Minnehaha County SD,46099,46,1.29,0.94,1.65,3774
2414,Pennington County SD,46103,46,1.23,0.94,1.45,630
2430,Bedford County TN,47003,47,1.11,0.84,1.35,623
2432,Bledsoe County TN,47007,47,1.25,0.94,1.48,636
2434,Bradley County TN,47011,47,1.24,0.9,1.52,962
2447,Davidson County TN,47037,47,0.92,0.41,1.41,13407
2460,Hamblen County TN,47063,47,1.18,0.88,1.39,481
2461,Hamilton County TN,47065,47,1.72,1.18,2.18,3310
2463,Hardeman County TN,47069,47,1.48,1.32,1.69,415
2475,Knox County TN,47093,47,1.34,0.82,1.94,1593
2476,Lake County TN,47095,47,0.48,0.3,0.63,849
2484,Macon County TN,47111,47,1.23,1.13,1.38,598
2488,Maury County TN,47119,47,1.3,1.02,1.56,455
2491,Montgomery County TN,47125,47,1.58,1.26,1.89,732
2499,Putnam County TN,47141,47,1.14,0.73,1.5,1014
2502,Robertson County TN,47147,47,1.33,1.1,1.57,928
2503,Rutherford County TN,47149,47,1.14,0.57,1.51,3525
2506,Sevier County TN,47155,47,0.86,0.47,1.11,917
2507,Shelby County TN,47157,47,0.77,0.31,1.38,13445
2511,Sumner County TN,47165,47,1.27,0.91,1.56,1897
2512,Tipton County TN,47167,47,1.23,0.94,1.47,696
2513,Trousdale County TN,47169,47,1.27,1.09,1.43,1515
2522,Williamson County TN,47187,47,1.32,1.04,1.61,1715
2523,Wilson County TN,47189,47,1.08,0.71,1.47,1150
2524,Anderson County TX,48001,48,1.87,1.67,2.01,1800
2526,Angelina County TX,48005,48,1.58,1.37,1.87,745
2534,Bastrop County TX,48021,48,1.77,1.54,1.92,737
2537,Bell County TX,48027,48,1.51,1.14,1.85,2083
2538,Bexar County TX,48029,48,0.71,0,1.13,18661
2542,Bowie County TX,48037,48,1.61,1.3,1.95,529
2543,Brazoria County TX,48039,48,1.35,0.97,1.66,3578
2544,Brazos County TX,48041,48,0.85,0.55,1.23,2901
2551,Caldwell County TX,48055,48,1.32,1.12,1.42,645
2554,Cameron County TX,48061,48,1.5,1.02,1.81,3498
2559,Chambers County TX,48071,48,1.3,1.09,1.45,555
2566,Collin County TX,48085,48,1.35,0.88,1.93,4308
2569,Comal County TX,48091,48,1.32,1.06,1.6,952
2573,Coryell County TX,48099,48,1.89,1.57,2.19,405
2580,Dallas County TX,48113,48,1.18,0.74,1.66,32626
2582,Deaf Smith County TX,48117,48,1.15,1.06,1.29,409
2584,Denton County TX,48121,48,1.12,0.63,1.52,3810
2591,Ector County TX,48135,48,1.61,1.41,1.79,1238
2593,Ellis County TX,48139,48,1.37,1.12,1.6,1513
2594,El Paso County TX,48141,48,1.27,0.89,1.67,9101
2602,Fort Bend County TX,48157,48,1.29,0.66,1.82,4617
2607,Galveston County TX,48167,48,1.38,0.99,1.76,5630
2614,Grayson County TX,48181,48,1.36,1.12,1.66,731
2615,Gregg County TX,48183,48,2.36,2.07,2.7,765
2616,Grimes County TX,48185,48,1.37,1.17,1.53,648
2617,Guadalupe County TX,48187,48,1.52,1.16,1.8,1015
2618,Hale County TX,48189,48,1.14,0.96,1.26,763
2623,Hardin County TX,48199,48,1.76,1.59,1.95,404
2624,Harris County TX,48201,48,1.8,1.15,2.28,43939
2625,Harrison County TX,48203,48,1.62,1.35,1.88,406
2628,Hays County TX,48209,48,0.95,0.49,1.31,3534
2631,Hidalgo County TX,48215,48,1.16,0.86,1.45,7334
2639,Hunt County TX,48231,48,1.13,0.86,1.46,704
2646,Jefferson County TX,48245,48,2.1,1.94,2.27,3532
2649,Johnson County TX,48251,48,1.51,1.25,1.73,806
2650,Jones County TX,48253,48,1.02,0.76,1.36,723
2652,Kaufman County TX,48257,48,1.19,0.96,1.47,972
2669,Liberty County TX,48291,48,1.22,1,1.43,509
2675,Lubbock County TX,48303,48,1.4,0.96,1.71,3525
2678,McLennan County TX,48309,48,0.98,0.72,1.23,2442
2685,Maverick County TX,48323,48,1.45,1.34,1.54,785
2688,Midland County TX,48329,48,1.43,1.15,1.67,1104
2693,Montgomery County TX,48339,48,1.2,0.79,1.58,3008
2694,Moore County TX,48341,48,1.01,0.86,1.16,927
2697,Nacogdoches County TX,48347,48,1.74,1.56,1.96,554
2698,Navarro County TX,48349,48,1.37,1.14,1.54,435
2701,Nueces County TX,48355,48,0.99,0.5,1.35,5672
2704,Orange County TX,48361,48,1.61,1.41,1.85,500
2707,Parker County TX,48367,48,1.57,1.32,1.78,561
2711,Potter County TX,48375,48,2.5,2.23,2.81,3050
2714,Randall County TX,48381,48,1.64,1.29,1.92,1045
2722,Rockwall County TX,48397,48,0.87,0.52,1.22,434
2735,Smith County TX,48423,48,1.66,1.34,2.03,1299
2737,Starr County TX,48427,48,1.24,0.92,1.66,1005
2743,Tarrant County TX,48439,48,1.36,0.75,1.89,17334
2744,Taylor County TX,48441,48,1.68,1.32,1.99,880
2748,Titus County TX,48449,48,1.42,1.27,1.61,978
2749,Tom Green County TX,48451,48,1.49,1.28,1.63,920
2750,Travis County TX,48453,48,1.09,0.61,1.38,14304
2756,Val Verde County TX,48465,48,0.88,0.6,1.17,622
2758,Victoria County TX,48469,48,1.63,1.49,1.75,1599
2759,Walker County TX,48471,48,0.07,0.06,0.57,2394
2763,Webb County TX,48479,48,1.41,1.22,1.65,2547
2766,Wichita County TX,48485,48,1.4,1.05,1.72,585
2769,Williamson County TX,48491,48,1.12,0.87,1.43,3745
2783,Davis County UT,49011,49,1.28,0.8,1.69,1795
2795,Salt Lake County UT,49035,49,1.21,0.55,1.58,14336
2796,San Juan County UT,49037,49,0.21,0.12,0.27,467
2799,Summit County UT,49043,49,1.52,1.35,1.7,581
2802,Utah County UT,49049,49,1.1,0.77,1.41,5271
2803,Wasatch County UT,49051,49,1.08,0.93,1.29,453
2810,Chittenden County VT,50007,50,1.52,1.04,2,653
2821,Accomack County VA,51001,51,0.59,0.35,0.81,1047
2822,Albemarle County VA,51003,51,1.25,0.95,1.52,533
2827,Arlington County VA,51013,51,1.58,0.96,1.99,2597
2835,Buckingham County VA,51029,51,1.02,0.8,1.29,578
2841,Chesterfield County VA,51041,51,1.24,0.76,1.7,3171
2844,Culpeper County VA,51047,51,0.73,0.47,1.02,852
2849,Fairfax County VA,51059,51,1.02,0.46,1.45,14417
2850,Fauquier County VA,51061,51,1.47,1.15,1.74,479
2854,Frederick County VA,51069,51,1.26,0.71,1.62,546
2862,Hanover County VA,51085,51,1.15,0.82,1.41,475
2863,Henrico County VA,51087,51,1.65,1.1,2.01,2822
2873,Loudoun County VA,51107,51,0.58,0.12,1.07,4383
2893,Prince William County VA,51153,51,0.64,0.13,1.09,7770
2899,Rockingham County VA,51165,51,1.14,0.81,1.58,783
2902,Shenandoah County VA,51171,51,0.87,0.59,1.07,609
2905,Spotsylvania County VA,51177,51,0.89,0.48,1.3,1077
2906,Stafford County VA,51179,51,1.17,0.75,1.45,1061
2916,Alexandria city VA,51510,51,1.43,0.86,2.14,2454
2920,Chesapeake city VA,51550,51,1.41,1.04,1.75,1204
2930,Hampton city VA,51650,51,1.61,1.28,2.14,469
2931,Harrisonburg city VA,51660,51,0.9,0.5,1.29,983
2935,Manassas city VA,51683,51,1.19,0.86,1.47,1484
2936,Manassas Park city VA,51685,51,0.93,0.7,1.12,459
2938,Newport News city VA,51700,51,1.55,0.91,2.04,694
2939,Norfolk city VA,51710,51,1.77,1.34,2.31,1451
2943,Portsmouth city VA,51740,51,1.58,1.22,1.88,665
2945,Richmond city VA,51760,51,1.28,0.79,1.85,2392
2946,Roanoke city VA,51770,51,0.83,0.23,1.32,567
2949,Suffolk city VA,51800,51,1.69,1.42,1.88,535
2950,Virginia Beach city VA,51810,51,1.9,1.38,2.35,1759
2956,Benton County WA,53005,53,0.94,0.52,1.19,2251
2957,Chelan County WA,53007,53,1.58,1.4,1.73,515
2959,Clark County WA,53011,53,1.11,0.64,1.51,1059
2964,Franklin County WA,53021,53,1.03,0.76,1.27,2318
2966,Grant County WA,53025,53,1.33,1.12,1.5,763
2970,King County WA,53033,53,0.6,0.04,1.1,11574
2980,Pierce County WA,53053,53,0.8,0.47,1.23,3103
2982,Skagit County WA,53057,53,1.18,0.87,1.39,574
2984,Snohomish County WA,53061,53,0.64,0.24,1.06,3860
2985,Spokane County WA,53063,53,0.58,0.12,1,1904
2990,Whatcom County WA,53073,53,0.84,0.6,1.14,695
2992,Yakima County WA,53077,53,0.76,0.53,1.02,7941
2994,Berkeley County WV,54003,54,1.4,1.11,1.69,532
3012,Kanawha County WV,54039,54,1.47,1.14,1.89,419
3023,Monongalia County WV,54061,54,2.76,2.48,3.1,535
3052,Brown County WI,55009,55,0.93,0.5,1.42,3198
3060,Dane County WI,55025,55,1.08,0.77,1.43,2885
3061,Dodge County WI,55027,55,0.75,0.46,0.99,514
3077,Kenosha County WI,55059,55,1.6,1.25,1.84,1717
3079,La Crosse County WI,55063,55,1.25,0.92,1.65,585
3088,Milwaukee County WI,55079,55,1.58,0.89,2.13,13661
3092,Outagamie County WI,55087,55,1.26,0.99,1.57,633
3099,Racine County WI,55101,55,1.49,1.06,1.83,2326
3101,Rock County WI,55105,55,1.52,1.28,1.81,1024
3112,Walworth County WI,55127,55,1.36,1.08,1.58,756
3114,Washington County WI,55131,55,1.77,1.26,2.07,482
3115,Waukesha County WI,55133,55,1.34,0.82,1.74,1630
3118,Winnebago County WI,55139,55,1.25,0.89,1.54,764
